Duobam;monetize value-added initiatives;American Health Packaging
Trippledex;harness killer bandwidth;Rebel Distributors Corp
Holdlamis;transition turn-key niches;Antigen Laboratories, Inc.
Ronstring;whiteboard efficient interfaces;REMEDYREPACK INC.
Asoka;scale value-added action-items;E. FOUGERA & CO. A division of Fougera Pharmaceuticals Inc.
Tresom;empower compelling e-commerce;THEFACESHOP CO., LTD
Latlux;reinvent efficient e-markets;Alcon Laboratories, Inc.
Voyatouch;streamline end-to-end applications;BioActive Nutritional, Inc.
Job;visualize bricks-and-clicks bandwidth;Premier Value (Chain Drug Consortium, LLC)
Cookley;incubate cross-media web-readiness;Nelco Laboratories, Inc.
Mat Lam Tam;envisioneer dot-com methodologies;Major Pharmaceuticals
Lotlux;unleash global e-services;Cadila Healthcare Limited
Zontrax;transition dynamic functionalities;Apollo Health and Beauty Care
Ventosanzap;transform web-enabled infomediaries;Patterson Dental Supply Inc
Viva;revolutionize granular experiences;PHARMAZEUTISCHE FABRIK DR. RECKEWEG & CO
Tresom;deploy end-to-end e-markets;Rebel Distributors Corp
Viva;unleash virtual metrics;Major Pharmaceuticals
Zoolab;empower granular functionalities;Greenbrier International, Inc.
Home Ing;synthesize open-source content;Rite Aid
Asoka;maximize B2B web services;Lights Medical Manufacture Co., Ltd.
Trippledex;syndicate intuitive relationships;AAA Pharmaceutical, Inc.
Greenlam;syndicate intuitive communities;Synthon Pharmaceuticals, Inc.
Redhold;reinvent bricks-and-clicks infomediaries;Spec Connection International Inc
Andalax;optimize mission-critical niches;Mylan Institutional Inc.
Lotlux;evolve back-end infrastructures;Sandoz Inc
Sonair;harness one-to-one supply-chains;ALK-Abello, Inc.
Vagram;synergize collaborative models;Bryant Ranch Prepack
Tampflex;engage front-end experiences;Teva Pharmaceuticals USA Inc
Latlux;architect vertical relationships;M J Winston International Ltd..
Zontrax;enhance global e-markets;CLINIQUE LABORATORIES INC.
Tampflex;expedite frictionless convergence;Indiana Botanic Gardens
Vagram;reintermediate open-source solutions;BrandStorm HBC
Keylex;transition plug-and-play supply-chains;McKesson
Voyatouch;syndicate integrated relationships;West-ward Pharmaceutical Corp
Hatity;exploit vertical deliverables;Hyland's
Cardify;syndicate integrated channels;Lycoris Co., Ltd.
Latlux;transform wireless paradigms;Personal Care Products
Konklab;synergize vertical deliverables;OCuSOFT INC.
Hatity;enhance vertical synergies;NeoStrata Company Inc.
Zaam-Dox;transform innovative networks;Rite Aid Corporation
Lotstring;integrate synergistic communities;AAA Pharmaceutical, Inc.
Mat Lam Tam;innovate turn-key technologies;Synthon Pharmaceuticals, Inc.
Mat Lam Tam;matrix clicks-and-mortar methodologies;Spec Connection International Inc
Duobam;morph wireless content;Mylan Institutional Inc.
Flexidy;syndicate e-business mindshare;Sandoz Inc
Alpha;envisioneer best-of-breed applications;ALK-Abello, Inc.
Asoka;integrate customized e-commerce;Bryant Ranch Prepack
Redhold;reintermediate cross-media action-items;Teva Pharmaceuticals USA Inc
Voyatouch;utilize distributed channels;M J Winston International Ltd..
Fixflex;synthesize one-to-one functionalities;CLINIQUE LABORATORIES INC.
Span;streamline sticky relationships;Indiana Botanic Gardens
Mat Lam Tam;reintermediate virtual systems;BrandStorm HBC
Daltfresh;reintermediate killer synergies;McKesson
Alphazap;deploy bricks-and-clicks web services;West-ward Pharmaceutical Corp
Mat Lam Tam;empower efficient experiences;Hyland's
Transcof;deploy wireless platforms;Lycoris Co., Ltd.
Veribet;synergize sticky niches;Personal Care Products
Stronghold;monetize strategic content;OCuSOFT INC.
Lotstring;expedite clicks-and-mortar infrastructures;NeoStrata Company Inc.
Flowdesk;productize best-of-breed solutions;Rite Aid Corporation
Zathin;architect robust applications;AAA Pharmaceutical, Inc.
Sub-Ex;aggregate open-source synergies;Synthon Pharmaceuticals, Inc.
Toughjoyfax;enhance leading-edge users;Spec Connection International Inc
Span;harness holistic functionalities;Mylan Institutional Inc.
Vagram;repurpose strategic supply-chains;Sandoz Inc
Hatity;harness interactive models;ALK-Abello, Inc.
Kanlam;optimize 24/365 initiatives;Bryant Ranch Prepack
Sonsing;reintermediate B2B systems;Teva Pharmaceuticals USA Inc
Bitchip;maximize revolutionary eyeballs;M J Winston International Ltd..
Duobam;evolve 24/7 convergence;CLINIQUE LABORATORIES INC.
Treeflex;enable dot-com deliverables;Indiana Botanic Gardens
Span;strategize robust schemas;BrandStorm HBC
Solarbreeze;incubate leading-edge solutions;McKesson
Duobam;synthesize global e-services;West-ward Pharmaceutical Corp
Pannier;e-enable virtual solutions;Hyland's
Zaam-Dox;facilitate bricks-and-clicks technologies;Lycoris Co., Ltd.
Stronghold;mesh rich e-services;Personal Care Products
Subin;harness real-time users;OCuSOFT INC.
Holdlamis;grow B2B markets;NeoStrata Company Inc.
Overhold;enable synergistic action-items;Rite Aid Corporation
Gembucket;aggregate B2C partnerships;AAA Pharmaceutical, Inc.
Biodex;orchestrate one-to-one synergies;Synthon Pharmaceuticals, Inc.
Fix San;grow granular architectures;Spec Connection International Inc
Cookley;integrate robust platforms;Mylan Institutional Inc.
Tin;recontextualize one-to-one models;Sandoz Inc
Tempsoft;synthesize cross-platform users;ALK-Abello, Inc.
Treeflex;unleash front-end partnerships;Bryant Ranch Prepack
Job;whiteboard front-end portals;Teva Pharmaceuticals USA Inc
Home Ing;incubate 24/365 networks;M J Winston International Ltd..
Konklux;unleash revolutionary functionalities;CLINIQUE LABORATORIES INC.
Sub-Ex;seize strategic users;Indiana Botanic Gardens
Fix San;repurpose bricks-and-clicks users;BrandStorm HBC
Greenlam;enhance interactive functionalities;McKesson
Sub-Ex;mesh 24/365 deliverables;West-ward Pharmaceutical Corp
Fixflex;transition 24/7 infrastructures;Hyland's
Andalax;optimize strategic convergence;Lycoris Co., Ltd.
Regrant;implement wireless deliverables;Personal Care Products
Fixflex;syndicate intuitive platforms;OCuSOFT INC.
Lotlux;deploy rich convergence;NeoStrata Company Inc.
Bytecard;synergize out-of-the-box platforms;Rite Aid Corporation
Pannier;target killer methodologies;AAA Pharmaceutical, Inc.
Biodex;target 24/365 infomediaries;Synthon Pharmaceuticals, Inc.
Zaam-Dox;utilize dynamic portals;Spec Connection International Inc
Sonair;morph real-time networks;Mylan Institutional Inc.
Keylex;enhance synergistic e-tailers;Sandoz Inc
Konklux;enable granular e-business;ALK-Abello, Inc.
Aerified;deploy cutting-edge metrics;Bryant Ranch Prepack
Temp;transition robust content;Teva Pharmaceuticals USA Inc
Ronstring;e-enable cutting-edge deliverables;M J Winston International Ltd..
Y-find;target integrated ROI;CLINIQUE LABORATORIES INC.
Cardguard;synthesize proactive users;Indiana Botanic Gardens
Zathin;reinvent e-business functionalities;BrandStorm HBC
Greenlam;morph next-generation e-markets;McKesson
Tres-Zap;utilize plug-and-play action-items;West-ward Pharmaceutical Corp
Zontrax;drive viral partnerships;Hyland's
Domainer;whiteboard leading-edge e-markets;Lycoris Co., Ltd.
Y-Solowarm;drive visionary methodologies;Personal Care Products
Flowdesk;monetize enterprise solutions;OCuSOFT INC.
Cardguard;maximize turn-key portals;NeoStrata Company Inc.
Zontrax;streamline user-centric bandwidth;Rite Aid Corporation
Daltfresh;deliver magnetic e-business;AAA Pharmaceutical, Inc.
Matsoft;extend real-time platforms;Synthon Pharmaceuticals, Inc.
Voyatouch;leverage one-to-one action-items;Spec Connection International Inc
Bitchip;leverage interactive infrastructures;Mylan Institutional Inc.
Stim;disintermediate intuitive initiatives;Sandoz Inc
Viva;deliver cutting-edge convergence;ALK-Abello, Inc.
Wrapsafe;facilitate distributed supply-chains;Bryant Ranch Prepack
Sonair;integrate real-time systems;Teva Pharmaceuticals USA Inc
Redhold;strategize mission-critical web-readiness;M J Winston International Ltd..
Fix San;redefine real-time supply-chains;CLINIQUE LABORATORIES INC.
Domainer;optimize sexy e-services;Indiana Botanic Gardens
Rank;leverage value-added functionalities;BrandStorm HBC
Wrapsafe;visualize mission-critical relationships;McKesson
Job;enhance proactive paradigms;West-ward Pharmaceutical Corp
Tempsoft;scale plug-and-play web-readiness;Hyland's
Tresom;enable bleeding-edge bandwidth;Lycoris Co., Ltd.
Sonsing;engage wireless functionalities;Personal Care Products
Fixflex;generate granular networks;OCuSOFT INC.
Asoka;deploy 24/365 partnerships;NeoStrata Company Inc.
Daltfresh;expedite user-centric partnerships;Rite Aid Corporation
Zoolab;exploit rich interfaces;AAA Pharmaceutical, Inc.
Regrant;utilize scalable systems;Synthon Pharmaceuticals, Inc.
Keylex;e-enable vertical vortals;Spec Connection International Inc
Fixflex;deliver distributed solutions;Mylan Institutional Inc.
Treeflex;seize viral markets;Sandoz Inc
Sonsing;optimize vertical systems;ALK-Abello, Inc.
Veribet;utilize user-centric communities;Bryant Ranch Prepack
Redhold;synergize strategic markets;Teva Pharmaceuticals USA Inc
Konklux;engineer integrated supply-chains;M J Winston International Ltd..
Flowdesk;reintermediate out-of-the-box e-business;CLINIQUE LABORATORIES INC.
Y-find;evolve next-generation initiatives;Indiana Botanic Gardens
Duobam;enhance customized experiences;BrandStorm HBC
Konklab;envisioneer efficient ROI;McKesson
Alphazap;matrix seamless synergies;West-ward Pharmaceutical Corp
Treeflex;innovate granular architectures;Hyland's
Vagram;utilize rich markets;Lycoris Co., Ltd.
Zoolab;whiteboard B2C solutions;Personal Care Products
It;extend enterprise infrastructures;OCuSOFT INC.
Lotstring;visualize killer web-readiness;NeoStrata Company Inc.
Vagram;leverage granular mindshare;Rite Aid Corporation
Y-Solowarm;synthesize clicks-and-mortar technologies;AAA Pharmaceutical, Inc.
Bigtax;deploy B2C platforms;Synthon Pharmaceuticals, Inc.
Home Ing;exploit bricks-and-clicks systems;Spec Connection International Inc
Latlux;benchmark collaborative users;Mylan Institutional Inc.
Hatity;streamline magnetic communities;Sandoz Inc
Stronghold;transform strategic initiatives;ALK-Abello, Inc.
Bytecard;unleash wireless e-markets;Bryant Ranch Prepack
Rank;utilize efficient action-items;Teva Pharmaceuticals USA Inc
Ventosanzap;embrace intuitive e-business;M J Winston International Ltd..
Andalax;utilize interactive niches;CLINIQUE LABORATORIES INC.
It;cultivate value-added infomediaries;Indiana Botanic Gardens
Ronstring;seize mission-critical technologies;BrandStorm HBC
Quo Lux;morph strategic eyeballs;McKesson
Stronghold;matrix killer e-business;West-ward Pharmaceutical Corp
Rank;cultivate plug-and-play channels;Hyland's
Bitchip;maximize intuitive deliverables;Lycoris Co., Ltd.
Alpha;exploit strategic content;Personal Care Products
Prodder;integrate out-of-the-box e-tailers;OCuSOFT INC.
Y-Solowarm;optimize magnetic supply-chains;NeoStrata Company Inc.
Temp;strategize enterprise infrastructures;Rite Aid Corporation
Span;grow back-end applications;AAA Pharmaceutical, Inc.
Wrapsafe;deploy viral mindshare;Synthon Pharmaceuticals, Inc.
Zathin;streamline intuitive content;Spec Connection International Inc
Namfix;extend 24/365 initiatives;Mylan Institutional Inc.
Domainer;syndicate customized applications;Sandoz Inc
Ventosanzap;brand strategic e-markets;ALK-Abello, Inc.
Prodder;synthesize robust methodologies;Bryant Ranch Prepack
Flowdesk;recontextualize impactful vortals;Teva Pharmaceuticals USA Inc
Zontrax;engage enterprise channels;M J Winston International Ltd..
Asoka;disintermediate turn-key networks;CLINIQUE LABORATORIES INC.
It;repurpose leading-edge e-services;Indiana Botanic Gardens
Tin;extend interactive infomediaries;BrandStorm HBC
Zontrax;transform dot-com relationships;McKesson
Cardify;cultivate out-of-the-box channels;West-ward Pharmaceutical Corp
It;unleash efficient systems;Hyland's
Sonsing;facilitate B2C vortals;Lycoris Co., Ltd.
Temp;innovate extensible metrics;Personal Care Products
Sub-Ex;synthesize leading-edge web services;OCuSOFT INC.
Duobam;cultivate innovative users;NeoStrata Company Inc.
Sonsing;generate leading-edge channels;Rite Aid Corporation
Alpha;seize open-source web services;AAA Pharmaceutical, Inc.
Fixflex;evolve B2C niches;Synthon Pharmaceuticals, Inc.
Cardify;synthesize dot-com content;Spec Connection International Inc
Voltsillam;e-enable vertical users;Mylan Institutional Inc.
Overhold;monetize impactful solutions;Sandoz Inc
Latlux;enhance vertical users;ALK-Abello, Inc.
Rank;deliver sticky e-tailers;Bryant Ranch Prepack
Stringtough;embrace enterprise systems;Teva Pharmaceuticals USA Inc
Ronstring;revolutionize robust models;M J Winston International Ltd..
Voyatouch;seize sexy web-readiness;CLINIQUE LABORATORIES INC.
Pannier;envisioneer open-source e-services;Indiana Botanic Gardens
Daltfresh;mesh extensible systems;BrandStorm HBC
Domainer;cultivate revolutionary mindshare;McKesson
Voyatouch;deliver cross-media eyeballs;West-ward Pharmaceutical Corp
Andalax;reintermediate killer web services;Hyland's
Trippledex;mesh wireless markets;Lycoris Co., Ltd.
Stim;implement proactive niches;Personal Care Products
Zaam-Dox;transition magnetic models;OCuSOFT INC.
Cardify;utilize plug-and-play e-commerce;NeoStrata Company Inc.
Tresom;monetize e-business platforms;Rite Aid Corporation
Fixflex;enhance impactful initiatives;AAA Pharmaceutical, Inc.
Daltfresh;empower customized vortals;Synthon Pharmaceuticals, Inc.
Voltsillam;incentivize collaborative technologies;Spec Connection International Inc
Pannier;brand mission-critical convergence;Mylan Institutional Inc.
Namfix;engineer innovative synergies;Sandoz Inc
Treeflex;evolve e-business methodologies;ALK-Abello, Inc.
Wrapsafe;synergize holistic platforms;Bryant Ranch Prepack
Otcom;innovate efficient web-readiness;Teva Pharmaceuticals USA Inc
Prodder;leverage integrated eyeballs;M J Winston International Ltd..
Quo Lux;drive user-centric portals;CLINIQUE LABORATORIES INC.
Regrant;empower robust metrics;Indiana Botanic Gardens
Zontrax;reinvent visionary channels;BrandStorm HBC
Holdlamis;cultivate world-class web services;McKesson
Flowdesk;incentivize integrated initiatives;West-ward Pharmaceutical Corp
Fix San;exploit out-of-the-box infrastructures;Hyland's
Tampflex;incubate impactful web services;Lycoris Co., Ltd.
Vagram;transform global supply-chains;Personal Care Products
Home Ing;scale back-end communities;OCuSOFT INC.
Biodex;engineer B2B metrics;NeoStrata Company Inc.
Bitchip;synergize killer architectures;Rite Aid Corporation
Sonair;synthesize enterprise e-services;AAA Pharmaceutical, Inc.
Job;strategize synergistic deliverables;Synthon Pharmaceuticals, Inc.
Bamity;engage distributed experiences;Spec Connection International Inc
Voltsillam;optimize virtual convergence;Mylan Institutional Inc.
Domainer;redefine compelling initiatives;Sandoz Inc
Zamit;monetize innovative communities;ALK-Abello, Inc.
Subin;iterate revolutionary platforms;Bryant Ranch Prepack
Aerified;extend rich portals;Teva Pharmaceuticals USA Inc
Fintone;leverage dot-com e-tailers;M J Winston International Ltd..
Vagram;grow innovative networks;CLINIQUE LABORATORIES INC.
Stronghold;optimize e-business e-business;Indiana Botanic Gardens
Viva;deploy ubiquitous vortals;BrandStorm HBC
Prodder;optimize efficient applications;McKesson
Y-Solowarm;enable strategic paradigms;West-ward Pharmaceutical Corp
Voltsillam;deploy dot-com action-items;Hyland's
Veribet;envisioneer transparent relationships;Lycoris Co., Ltd.
Biodex;empower mission-critical applications;Personal Care Products
Lotstring;e-enable B2C markets;OCuSOFT INC.
Temp;utilize plug-and-play e-tailers;NeoStrata Company Inc.
Temp;embrace cutting-edge relationships;Rite Aid Corporation
Tin;iterate collaborative web services;AAA Pharmaceutical, Inc.
Prodder;incentivize viral e-business;Synthon Pharmaceuticals, Inc.
Viva;syndicate cutting-edge metrics;Spec Connection International Inc
Temp;architect interactive models;Mylan Institutional Inc.
Sub-Ex;extend open-source synergies;Sandoz Inc
Treeflex;e-enable leading-edge convergence;ALK-Abello, Inc.
Zathin;morph cross-platform infomediaries;Bryant Ranch Prepack
Keylex;evolve seamless web-readiness;Teva Pharmaceuticals USA Inc
Treeflex;scale sticky web services;M J Winston International Ltd..
Konklab;generate one-to-one communities;CLINIQUE LABORATORIES INC.
Trippledex;monetize visionary platforms;Indiana Botanic Gardens
Stringtough;synergize granular convergence;BrandStorm HBC
Sub-Ex;engineer holistic models;McKesson
Namfix;transition end-to-end action-items;West-ward Pharmaceutical Corp
Aerified;incentivize integrated infrastructures;Hyland's
Trippledex;orchestrate seamless e-services;Lycoris Co., Ltd.
Sonair;mesh granular channels;Personal Care Products
Fixflex;scale compelling e-markets;OCuSOFT INC.
Prodder;engineer compelling paradigms;NeoStrata Company Inc.
Latlux;e-enable synergistic interfaces;Rite Aid Corporation
Rank;harness interactive eyeballs;AAA Pharmaceutical, Inc.
Lotstring;integrate clicks-and-mortar models;Synthon Pharmaceuticals, Inc.
Sonair;leverage innovative e-tailers;Spec Connection International Inc
Regrant;utilize frictionless methodologies;Mylan Institutional Inc.
Flexidy;harness compelling initiatives;Sandoz Inc
Tampflex;monetize proactive web-readiness;ALK-Abello, Inc.
Greenlam;expedite scalable e-services;Bryant Ranch Prepack
Ventosanzap;morph seamless networks;Teva Pharmaceuticals USA Inc
Flexidy;mesh out-of-the-box methodologies;M J Winston International Ltd..
Cardify;exploit vertical networks;CLINIQUE LABORATORIES INC.
Pannier;e-enable next-generation channels;Indiana Botanic Gardens
Fintone;synergize value-added networks;BrandStorm HBC
Sonair;engineer virtual e-commerce;McKesson
Sonair;optimize intuitive mindshare;West-ward Pharmaceutical Corp
Lotstring;matrix strategic web-readiness;Hyland's
Zaam-Dox;iterate dynamic channels;Lycoris Co., Ltd.
Veribet;drive collaborative web-readiness;Personal Care Products
Prodder;e-enable B2B web services;OCuSOFT INC.
It;recontextualize proactive methodologies;NeoStrata Company Inc.
Konklab;empower frictionless web services;Rite Aid Corporation
Zathin;aggregate best-of-breed deliverables;AAA Pharmaceutical, Inc.
Fintone;strategize visionary paradigms;Synthon Pharmaceuticals, Inc.
Biodex;streamline bricks-and-clicks infrastructures;Spec Connection International Inc
Bigtax;strategize sticky functionalities;Mylan Institutional Inc.
Alpha;orchestrate vertical architectures;Sandoz Inc
Holdlamis;engineer mission-critical portals;ALK-Abello, Inc.
Flexidy;grow sticky niches;Bryant Ranch Prepack
Fixflex;transform virtual methodologies;Teva Pharmaceuticals USA Inc
Sonair;grow sticky schemas;M J Winston International Ltd..
Duobam;transform transparent users;CLINIQUE LABORATORIES INC.
Matsoft;unleash visionary relationships;Indiana Botanic Gardens
Subin;engage one-to-one solutions;BrandStorm HBC
Duobam;empower dot-com methodologies;McKesson
Veribet;innovate turn-key communities;West-ward Pharmaceutical Corp
Bytecard;mesh integrated e-commerce;Hyland's
Keylex;disintermediate next-generation methodologies;Lycoris Co., Ltd.
Andalax;maximize distributed web-readiness;Personal Care Products
Andalax;expedite revolutionary paradigms;OCuSOFT INC.
Flowdesk;drive cross-platform partnerships;NeoStrata Company Inc.
Otcom;maximize dot-com supply-chains;Rite Aid Corporation
Y-Solowarm;unleash bleeding-edge infrastructures;AAA Pharmaceutical, Inc.
Lotstring;mesh distributed markets;Synthon Pharmaceuticals, Inc.
Fix San;visualize cross-platform e-commerce;Spec Connection International Inc
Tin;facilitate strategic e-business;Mylan Institutional Inc.
Sonsing;deploy bleeding-edge ROI;Sandoz Inc
Ventosanzap;syndicate distributed convergence;ALK-Abello, Inc.
Tres-Zap;incentivize synergistic channels;Bryant Ranch Prepack
Subin;integrate B2B models;Teva Pharmaceuticals USA Inc
Konklab;strategize cross-media infrastructures;M J Winston International Ltd..
Stronghold;implement distributed paradigms;CLINIQUE LABORATORIES INC.
Andalax;unleash extensible synergies;Indiana Botanic Gardens
Voyatouch;strategize sexy web-readiness;BrandStorm HBC
Zontrax;transform world-class convergence;McKesson
Overhold;revolutionize 24/7 schemas;West-ward Pharmaceutical Corp
Job;engineer mission-critical networks;Hyland's
Bitwolf;empower end-to-end action-items;Lycoris Co., Ltd.
Otcom;brand wireless communities;Personal Care Products
Tin;incentivize interactive supply-chains;OCuSOFT INC.
Redhold;brand strategic content;NeoStrata Company Inc.
Daltfresh;incubate seamless paradigms;Rite Aid Corporation
Biodex;reinvent viral functionalities;AAA Pharmaceutical, Inc.
Bigtax;aggregate world-class technologies;Synthon Pharmaceuticals, Inc.
Transcof;synergize transparent ROI;Spec Connection International Inc
Sonair;evolve end-to-end partnerships;Mylan Institutional Inc.
Y-Solowarm;envisioneer turn-key e-services;Sandoz Inc
Lotlux;target leading-edge eyeballs;ALK-Abello, Inc.
Cardguard;extend frictionless niches;Bryant Ranch Prepack
Bigtax;enhance robust interfaces;Teva Pharmaceuticals USA Inc
Sonair;transform end-to-end communities;M J Winston International Ltd..
Aerified;morph plug-and-play relationships;CLINIQUE LABORATORIES INC.
Span;envisioneer vertical portals;Indiana Botanic Gardens
Kanlam;visualize cross-media functionalities;BrandStorm HBC
Cardify;reinvent efficient models;McKesson
Zontrax;strategize visionary infomediaries;West-ward Pharmaceutical Corp
Cookley;implement sticky interfaces;Hyland's
Holdlamis;deploy sexy systems;Lycoris Co., Ltd.
Zamit;grow virtual e-markets;Personal Care Products
Andalax;leverage vertical experiences;OCuSOFT INC.
Biodex;revolutionize vertical systems;NeoStrata Company Inc.
Toughjoyfax;morph strategic infrastructures;Rite Aid Corporation
Wrapsafe;utilize integrated eyeballs;AAA Pharmaceutical, Inc.
Sonair;deploy value-added mindshare;Synthon Pharmaceuticals, Inc.
Solarbreeze;leverage plug-and-play technologies;Spec Connection International Inc
Voltsillam;drive proactive technologies;Mylan Institutional Inc.
Ronstring;evolve holistic architectures;Sandoz Inc
Prodder;disintermediate one-to-one niches;ALK-Abello, Inc.
Job;synergize cross-media portals;Bryant Ranch Prepack
Mat Lam Tam;mesh world-class content;Teva Pharmaceuticals USA Inc
Konklux;leverage compelling metrics;M J Winston International Ltd..
Zathin;monetize one-to-one markets;CLINIQUE LABORATORIES INC.
Gembucket;transform holistic technologies;Indiana Botanic Gardens
Ronstring;matrix intuitive vortals;BrandStorm HBC
Temp;evolve holistic paradigms;McKesson
Alphazap;synthesize compelling niches;West-ward Pharmaceutical Corp
Voyatouch;recontextualize bricks-and-clicks action-items;Hyland's
Domainer;synergize B2C e-markets;Lycoris Co., Ltd.
Tin;exploit bricks-and-clicks architectures;Personal Care Products
Bigtax;incentivize virtual systems;OCuSOFT INC.
Tres-Zap;matrix visionary solutions;NeoStrata Company Inc.
Zaam-Dox;productize proactive paradigms;Rite Aid Corporation
Ronstring;incubate enterprise convergence;AAA Pharmaceutical, Inc.
Trippledex;drive cutting-edge schemas;Synthon Pharmaceuticals, Inc.
Transcof;generate customized supply-chains;Spec Connection International Inc
Flowdesk;exploit virtual technologies;Mylan Institutional Inc.
Trippledex;embrace turn-key paradigms;Sandoz Inc
Subin;strategize dynamic bandwidth;ALK-Abello, Inc.
Flexidy;enable turn-key paradigms;Bryant Ranch Prepack
Zamit;transform synergistic models;Teva Pharmaceuticals USA Inc
Sonsing;disintermediate seamless bandwidth;M J Winston International Ltd..
Span;enhance seamless partnerships;CLINIQUE LABORATORIES INC.
Alpha;utilize intuitive mindshare;Indiana Botanic Gardens
Bitchip;morph collaborative bandwidth;BrandStorm HBC
Fix San;transition best-of-breed schemas;McKesson
Andalax;generate leading-edge initiatives;West-ward Pharmaceutical Corp
Transcof;repurpose virtual models;Hyland's
Konklux;unleash ubiquitous interfaces;Lycoris Co., Ltd.
Cookley;brand B2C bandwidth;Personal Care Products
Latlux;expedite interactive architectures;OCuSOFT INC.
Transcof;envisioneer frictionless portals;NeoStrata Company Inc.
Zaam-Dox;architect sexy bandwidth;Rite Aid Corporation
Tampflex;whiteboard seamless web-readiness;AAA Pharmaceutical, Inc.
Regrant;empower wireless infrastructures;Synthon Pharmaceuticals, Inc.
Tresom;matrix transparent models;Spec Connection International Inc
Mat Lam Tam;streamline sticky metrics;Mylan Institutional Inc.
Veribet;incubate end-to-end portals;Sandoz Inc
Latlux;matrix killer users;ALK-Abello, Inc.
Duobam;implement dot-com partnerships;Bryant Ranch Prepack
Job;optimize B2C portals;Teva Pharmaceuticals USA Inc
Vagram;benchmark holistic action-items;M J Winston International Ltd..
Duobam;incubate extensible technologies;CLINIQUE LABORATORIES INC.
Vagram;evolve magnetic ROI;Indiana Botanic Gardens
Fix San;architect B2C infomediaries;BrandStorm HBC
Zathin;synthesize best-of-breed metrics;McKesson
Tin;morph wireless action-items;West-ward Pharmaceutical Corp
Zoolab;iterate frictionless communities;Hyland's
Solarbreeze;enable cross-media e-business;Lycoris Co., Ltd.
Matsoft;facilitate 24/7 web-readiness;Personal Care Products
Gembucket;grow bleeding-edge supply-chains;OCuSOFT INC.
Prodder;integrate best-of-breed convergence;NeoStrata Company Inc.
Voltsillam;leverage next-generation e-commerce;Rite Aid Corporation
Solarbreeze;integrate cross-platform synergies;AAA Pharmaceutical, Inc.
Latlux;matrix innovative initiatives;Synthon Pharmaceuticals, Inc.
Otcom;matrix dot-com schemas;Spec Connection International Inc
Duobam;deliver sticky e-markets;Mylan Institutional Inc.
Vagram;transition impactful communities;Sandoz Inc
Keylex;exploit collaborative partnerships;ALK-Abello, Inc.
Asoka;repurpose world-class mindshare;Bryant Ranch Prepack
Voyatouch;evolve wireless bandwidth;Teva Pharmaceuticals USA Inc
Voltsillam;revolutionize sticky e-business;M J Winston International Ltd..
Alpha;e-enable leading-edge vortals;CLINIQUE LABORATORIES INC.
Daltfresh;exploit collaborative ROI;Indiana Botanic Gardens
Bamity;reintermediate value-added metrics;BrandStorm HBC
Prodder;drive world-class ROI;McKesson
Regrant;exploit ubiquitous partnerships;West-ward Pharmaceutical Corp
Lotlux;utilize cross-platform markets;Hyland's
Alphazap;visualize collaborative schemas;Lycoris Co., Ltd.
Fixflex;unleash leading-edge models;Personal Care Products
Job;enhance transparent models;OCuSOFT INC.
Subin;seize collaborative web services;NeoStrata Company Inc.
Kanlam;reintermediate real-time e-tailers;Rite Aid Corporation
Home Ing;repurpose plug-and-play e-commerce;AAA Pharmaceutical, Inc.
Mat Lam Tam;envisioneer best-of-breed infrastructures;Synthon Pharmaceuticals, Inc.
Konklab;exploit extensible e-services;Spec Connection International Inc
Temp;leverage holistic functionalities;Mylan Institutional Inc.
Pannier;extend wireless web-readiness;Sandoz Inc
Sub-Ex;iterate integrated portals;ALK-Abello, Inc.
Zaam-Dox;disintermediate global niches;Bryant Ranch Prepack
Domainer;benchmark out-of-the-box markets;Teva Pharmaceuticals USA Inc
Gembucket;incentivize ubiquitous models;M J Winston International Ltd..
Tin;target out-of-the-box systems;CLINIQUE LABORATORIES INC.
Stim;generate visionary paradigms;Indiana Botanic Gardens
Y-Solowarm;harness out-of-the-box action-items;BrandStorm HBC
Fixflex;monetize innovative synergies;McKesson
Cardguard;architect collaborative convergence;West-ward Pharmaceutical Corp
Kanlam;generate one-to-one partnerships;Hyland's
Home Ing;orchestrate enterprise e-markets;Lycoris Co., Ltd.
Regrant;disintermediate B2B convergence;Personal Care Products
Andalax;integrate B2C e-business;OCuSOFT INC.
Fixflex;redefine bricks-and-clicks interfaces;NeoStrata Company Inc.
Tampflex;seize sexy paradigms;Rite Aid Corporation
Stringtough;optimize turn-key ROI;AAA Pharmaceutical, Inc.
Sonsing;redefine magnetic infomediaries;Synthon Pharmaceuticals, Inc.
Pannier;optimize cross-media applications;Spec Connection International Inc
Subin;transform 24/7 initiatives;Mylan Institutional Inc.
Redhold;visualize turn-key architectures;Sandoz Inc
Flexidy;strategize sticky experiences;ALK-Abello, Inc.
Sonsing;benchmark magnetic e-business;Bryant Ranch Prepack
Bitchip;evolve back-end convergence;Teva Pharmaceuticals USA Inc
Mat Lam Tam;reintermediate intuitive deliverables;M J Winston International Ltd..
Wrapsafe;engineer robust methodologies;CLINIQUE LABORATORIES INC.
Voltsillam;scale integrated bandwidth;Indiana Botanic Gardens
Stronghold;redefine web-enabled applications;BrandStorm HBC
Lotlux;target best-of-breed eyeballs;McKesson
Lotstring;enable enterprise convergence;West-ward Pharmaceutical Corp
Job;envisioneer magnetic platforms;Hyland's
Viva;harness transparent e-tailers;Lycoris Co., Ltd.
Wrapsafe;transform turn-key synergies;Personal Care Products
Tresom;deliver cutting-edge synergies;OCuSOFT INC.
Daltfresh;grow visionary initiatives;NeoStrata Company Inc.
Domainer;empower B2C eyeballs;Rite Aid Corporation
Konklux;benchmark customized paradigms;AAA Pharmaceutical, Inc.
It;iterate B2B paradigms;Synthon Pharmaceuticals, Inc.
Viva;reintermediate enterprise technologies;Spec Connection International Inc
Zamit;reintermediate e-business synergies;Mylan Institutional Inc.
Domainer;grow open-source web services;Sandoz Inc
Zathin;integrate cross-platform markets;ALK-Abello, Inc.
Tin;target ubiquitous communities;Bryant Ranch Prepack
Stringtough;transform holistic synergies;Teva Pharmaceuticals USA Inc
Andalax;redefine proactive e-commerce;M J Winston International Ltd..
Veribet;redefine next-generation e-business;CLINIQUE LABORATORIES INC.
Subin;utilize viral solutions;Indiana Botanic Gardens
Opela;whiteboard visionary e-tailers;BrandStorm HBC
Biodex;disintermediate user-centric paradigms;McKesson
Veribet;enable best-of-breed ROI;West-ward Pharmaceutical Corp
Tempsoft;integrate impactful e-services;Hyland's
Ventosanzap;deploy 24/7 niches;Lycoris Co., Ltd.
Trippledex;strategize killer metrics;Personal Care Products
Sonsing;implement dynamic markets;OCuSOFT INC.
It;synthesize front-end solutions;NeoStrata Company Inc.
Daltfresh;enhance integrated web-readiness;Rite Aid Corporation
Ventosanzap;enhance interactive markets;AAA Pharmaceutical, Inc.
Job;reinvent ubiquitous applications;Synthon Pharmaceuticals, Inc.
Y-find;grow one-to-one markets;Spec Connection International Inc
Kanlam;deliver back-end synergies;Mylan Institutional Inc.
Regrant;enhance cutting-edge infomediaries;Sandoz Inc
Rank;engineer viral content;ALK-Abello, Inc.
Redhold;reintermediate holistic deliverables;Bryant Ranch Prepack
Bamity;e-enable seamless web-readiness;Teva Pharmaceuticals USA Inc
Wrapsafe;incubate synergistic e-tailers;M J Winston International Ltd..
Tempsoft;monetize 24/365 infrastructures;CLINIQUE LABORATORIES INC.
Temp;visualize 24/365 models;Indiana Botanic Gardens
Trippledex;implement 24/365 e-commerce;BrandStorm HBC
Transcof;generate sexy paradigms;McKesson
Alpha;synergize strategic eyeballs;West-ward Pharmaceutical Corp
Prodder;expedite e-business networks;Hyland's
Biodex;harness ubiquitous channels;Lycoris Co., Ltd.
Ventosanzap;mesh robust deliverables;Personal Care Products
Regrant;revolutionize cross-platform eyeballs;OCuSOFT INC.
Namfix;e-enable strategic portals;NeoStrata Company Inc.
Domainer;scale dynamic paradigms;Rite Aid Corporation
Aerified;disintermediate bricks-and-clicks architectures;AAA Pharmaceutical, Inc.
Bamity;empower clicks-and-mortar channels;Synthon Pharmaceuticals, Inc.
Gembucket;monetize bleeding-edge ROI;Spec Connection International Inc
Otcom;synthesize revolutionary e-services;Mylan Institutional Inc.
Fintone;reinvent integrated infomediaries;Sandoz Inc
Voltsillam;drive virtual action-items;ALK-Abello, Inc.
Flowdesk;optimize clicks-and-mortar bandwidth;Bryant Ranch Prepack
Zoolab;evolve efficient content;Teva Pharmaceuticals USA Inc
Transcof;orchestrate global models;M J Winston International Ltd..
Lotlux;recontextualize integrated technologies;CLINIQUE LABORATORIES INC.
Fixflex;expedite turn-key technologies;Indiana Botanic Gardens
Alpha;syndicate rich solutions;BrandStorm HBC
Sonair;integrate 24/7 portals;McKesson
Transcof;harness front-end technologies;West-ward Pharmaceutical Corp
Zaam-Dox;target sticky web services;Hyland's
Bitwolf;utilize sticky bandwidth;Lycoris Co., Ltd.
Trippledex;synthesize e-business partnerships;Personal Care Products
Voyatouch;engage enterprise portals;OCuSOFT INC.
Rank;incentivize proactive eyeballs;NeoStrata Company Inc.
Latlux;unleash world-class e-markets;Rite Aid Corporation
Zathin;benchmark cutting-edge solutions;AAA Pharmaceutical, Inc.
Stim;repurpose dynamic convergence;Synthon Pharmaceuticals, Inc.
Konklux;incubate collaborative schemas;Spec Connection International Inc
Voyatouch;streamline efficient initiatives;Mylan Institutional Inc.
Ventosanzap;seize visionary mindshare;Sandoz Inc
Wrapsafe;unleash compelling e-commerce;ALK-Abello, Inc.
Flexidy;disintermediate dot-com web services;Bryant Ranch Prepack
Voyatouch;monetize holistic systems;Teva Pharmaceuticals USA Inc
Bitchip;synergize customized channels;M J Winston International Ltd..
Overhold;scale enterprise e-services;CLINIQUE LABORATORIES INC.
Asoka;architect out-of-the-box functionalities;Indiana Botanic Gardens
Toughjoyfax;streamline 24/7 communities;BrandStorm HBC
Tresom;incubate enterprise architectures;McKesson
Redhold;optimize customized niches;West-ward Pharmaceutical Corp
Hatity;monetize revolutionary convergence;Hyland's
Zathin;aggregate e-business ROI;Lycoris Co., Ltd.
Stringtough;brand synergistic bandwidth;Personal Care Products
Asoka;enhance rich web services;OCuSOFT INC.
Ventosanzap;incubate dynamic markets;NeoStrata Company Inc.
Toughjoyfax;facilitate bleeding-edge applications;Rite Aid Corporation
Fixflex;strategize e-business portals;AAA Pharmaceutical, Inc.
Alpha;productize e-business portals;Synthon Pharmaceuticals, Inc.
Zontrax;visualize value-added e-tailers;Spec Connection International Inc
Holdlamis;leverage seamless platforms;Mylan Institutional Inc.
Matsoft;cultivate open-source web-readiness;Sandoz Inc
Sub-Ex;redefine 24/7 deliverables;ALK-Abello, Inc.
Fintone;disintermediate real-time e-tailers;Bryant Ranch Prepack
Wrapsafe;redefine enterprise functionalities;Teva Pharmaceuticals USA Inc
Zontrax;implement web-enabled metrics;M J Winston International Ltd..
Matsoft;engineer web-enabled niches;CLINIQUE LABORATORIES INC.
Y-find;benchmark front-end experiences;Indiana Botanic Gardens
Temp;grow frictionless convergence;BrandStorm HBC
Prodder;scale cross-media bandwidth;McKesson
Stim;maximize strategic infrastructures;West-ward Pharmaceutical Corp
Konklab;visualize dot-com partnerships;Hyland's
Cookley;cultivate frictionless initiatives;Lycoris Co., Ltd.
Fix San;monetize dynamic e-commerce;Personal Care Products
Fintone;aggregate global supply-chains;OCuSOFT INC.
Zontrax;deploy holistic platforms;NeoStrata Company Inc.
Daltfresh;expedite killer channels;Rite Aid Corporation
Zoolab;deploy customized portals;AAA Pharmaceutical, Inc.
Aerified;grow killer communities;Synthon Pharmaceuticals, Inc.
Cardify;strategize cross-media web-readiness;Spec Connection International Inc
Latlux;implement rich eyeballs;Mylan Institutional Inc.
Gembucket;facilitate end-to-end methodologies;Sandoz Inc
Andalax;expedite strategic action-items;ALK-Abello, Inc.
Ronstring;leverage holistic action-items;Bryant Ranch Prepack
Zoolab;mesh B2C applications;Teva Pharmaceuticals USA Inc
Zathin;facilitate cutting-edge initiatives;M J Winston International Ltd..
Zontrax;recontextualize plug-and-play vortals;CLINIQUE LABORATORIES INC.
Transcof;synthesize plug-and-play e-services;Indiana Botanic Gardens
Rank;synthesize integrated infomediaries;BrandStorm HBC
Keylex;embrace dynamic functionalities;McKesson
Bamity;redefine dot-com applications;West-ward Pharmaceutical Corp
Stronghold;empower front-end networks;Hyland's
Bamity;reintermediate dynamic content;Lycoris Co., Ltd.
Y-Solowarm;implement turn-key bandwidth;Personal Care Products
Domainer;redefine one-to-one mindshare;OCuSOFT INC.
Stim;redefine world-class experiences;NeoStrata Company Inc.
Asoka;synthesize value-added infomediaries;Rite Aid Corporation
Span;strategize seamless e-commerce;AAA Pharmaceutical, Inc.
Zoolab;redefine next-generation web services;Synthon Pharmaceuticals, Inc.
Voyatouch;orchestrate integrated portals;Spec Connection International Inc
Biodex;engage web-enabled portals;Mylan Institutional Inc.
Gembucket;utilize open-source supply-chains;Sandoz Inc
Zathin;transition clicks-and-mortar experiences;ALK-Abello, Inc.
Job;target extensible communities;Bryant Ranch Prepack
Bamity;unleash frictionless initiatives;Teva Pharmaceuticals USA Inc
Tin;e-enable mission-critical ROI;M J Winston International Ltd..
Alpha;recontextualize viral web-readiness;CLINIQUE LABORATORIES INC.
Toughjoyfax;seize rich schemas;Indiana Botanic Gardens
Transcof;reinvent sexy deliverables;BrandStorm HBC
Fintone;evolve real-time e-commerce;McKesson
Viva;visualize clicks-and-mortar deliverables;West-ward Pharmaceutical Corp
Voltsillam;maximize end-to-end markets;Hyland's
Sub-Ex;strategize transparent deliverables;Lycoris Co., Ltd.
Opela;disintermediate web-enabled e-tailers;Personal Care Products
Zathin;e-enable interactive communities;OCuSOFT INC.
Asoka;exploit turn-key bandwidth;NeoStrata Company Inc.
Hatity;exploit distributed schemas;Rite Aid Corporation
Flexidy;harness rich e-business;AAA Pharmaceutical, Inc.
Biodex;embrace transparent initiatives;Synthon Pharmaceuticals, Inc.
Konklab;embrace distributed niches;Spec Connection International Inc
Trippledex;scale B2C ROI;Mylan Institutional Inc.
Fixflex;implement plug-and-play technologies;Sandoz Inc
Trippledex;unleash e-business partnerships;ALK-Abello, Inc.
Fixflex;scale next-generation supply-chains;Bryant Ranch Prepack
Sonsing;envisioneer cross-platform relationships;Teva Pharmaceuticals USA Inc
Cardify;whiteboard bricks-and-clicks infomediaries;M J Winston International Ltd..
Latlux;incubate scalable infrastructures;CLINIQUE LABORATORIES INC.
Quo Lux;maximize magnetic functionalities;Indiana Botanic Gardens
Temp;e-enable cross-platform e-tailers;BrandStorm HBC
Lotlux;reinvent rich infrastructures;McKesson
Sonsing;enhance strategic functionalities;West-ward Pharmaceutical Corp
Solarbreeze;strategize cross-platform eyeballs;Hyland's
Home Ing;architect interactive bandwidth;Lycoris Co., Ltd.
Y-Solowarm;reinvent transparent supply-chains;Personal Care Products
Otcom;maximize interactive initiatives;OCuSOFT INC.
Alphazap;harness dynamic platforms;NeoStrata Company Inc.
Zamit;iterate plug-and-play mindshare;Rite Aid Corporation
Veribet;engage best-of-breed eyeballs;AAA Pharmaceutical, Inc.
Konklux;benchmark revolutionary applications;Synthon Pharmaceuticals, Inc.
Zaam-Dox;evolve sexy infomediaries;Spec Connection International Inc
Lotlux;architect next-generation web services;Mylan Institutional Inc.
Voltsillam;optimize ubiquitous partnerships;Sandoz Inc
Redhold;architect next-generation niches;ALK-Abello, Inc.
Alphazap;benchmark killer users;Bryant Ranch Prepack
Fixflex;expedite revolutionary models;Teva Pharmaceuticals USA Inc
Otcom;deploy strategic e-markets;M J Winston International Ltd..
Flowdesk;deliver impactful synergies;CLINIQUE LABORATORIES INC.
Prodder;envisioneer one-to-one e-business;Indiana Botanic Gardens
Veribet;monetize synergistic e-markets;BrandStorm HBC
Alpha;revolutionize killer models;McKesson
Biodex;innovate leading-edge initiatives;West-ward Pharmaceutical Corp
Gembucket;benchmark cross-media deliverables;Hyland's
Trippledex;repurpose enterprise paradigms;Lycoris Co., Ltd.
Stronghold;empower integrated communities;Personal Care Products
Greenlam;implement vertical supply-chains;OCuSOFT INC.
Tempsoft;architect B2C content;NeoStrata Company Inc.
Alpha;recontextualize vertical vortals;Rite Aid Corporation
Rank;strategize dot-com paradigms;AAA Pharmaceutical, Inc.
Stim;cultivate plug-and-play markets;Synthon Pharmaceuticals, Inc.
Sonair;extend dynamic synergies;Spec Connection International Inc
Lotlux;implement magnetic web-readiness;Mylan Institutional Inc.
Keylex;orchestrate collaborative systems;Sandoz Inc
Regrant;expedite world-class mindshare;ALK-Abello, Inc.
Temp;facilitate virtual web services;Bryant Ranch Prepack
Y-find;deliver visionary mindshare;Teva Pharmaceuticals USA Inc
Fintone;cultivate 24/365 ROI;M J Winston International Ltd..
Andalax;evolve rich metrics;CLINIQUE LABORATORIES INC.
Tres-Zap;incentivize synergistic convergence;Indiana Botanic Gardens
Greenlam;facilitate open-source supply-chains;BrandStorm HBC
Alpha;expedite compelling supply-chains;McKesson
Voyatouch;benchmark e-business mindshare;West-ward Pharmaceutical Corp
Prodder;morph intuitive experiences;Hyland's
Bitwolf;iterate transparent action-items;Lycoris Co., Ltd.
Pannier;orchestrate mission-critical eyeballs;Personal Care Products
Redhold;scale 24/7 e-business;OCuSOFT INC.
Konklab;mesh killer web services;NeoStrata Company Inc.
Stringtough;engineer best-of-breed architectures;Rite Aid Corporation
Viva;iterate customized platforms;AAA Pharmaceutical, Inc.
Wrapsafe;e-enable integrated web-readiness;Synthon Pharmaceuticals, Inc.
Asoka;grow B2C action-items;Spec Connection International Inc
Opela;enhance B2C e-commerce;Mylan Institutional Inc.
Duobam;unleash efficient ROI;Sandoz Inc
Stronghold;seize synergistic technologies;ALK-Abello, Inc.
Sub-Ex;harness dynamic schemas;Bryant Ranch Prepack
Tempsoft;deliver collaborative e-services;Teva Pharmaceuticals USA Inc
Sonsing;scale real-time platforms;M J Winston International Ltd..
Sonair;incubate leading-edge technologies;CLINIQUE LABORATORIES INC.
Lotstring;redefine cutting-edge e-services;Indiana Botanic Gardens
Sonair;seize e-business web services;BrandStorm HBC
Zoolab;facilitate synergistic paradigms;McKesson
Konklab;engineer transparent technologies;West-ward Pharmaceutical Corp
Fix San;utilize e-business infomediaries;Hyland's
Flexidy;brand robust relationships;Lycoris Co., Ltd.
Ventosanzap;streamline proactive networks;Personal Care Products
Wrapsafe;reinvent world-class markets;OCuSOFT INC.
Trippledex;evolve cross-platform synergies;NeoStrata Company Inc.
Voltsillam;strategize strategic vortals;Rite Aid Corporation
Fix San;transition robust users;AAA Pharmaceutical, Inc.
Regrant;incentivize enterprise action-items;Synthon Pharmaceuticals, Inc.
Matsoft;envisioneer turn-key experiences;Spec Connection International Inc
Treeflex;monetize holistic eyeballs;Mylan Institutional Inc.
Stim;redefine 24/7 markets;Sandoz Inc
Vagram;seize global web services;ALK-Abello, Inc.
Tres-Zap;incubate cross-platform interfaces;Bryant Ranch Prepack
Andalax;exploit value-added portals;Teva Pharmaceuticals USA Inc
Toughjoyfax;evolve efficient initiatives;M J Winston International Ltd..
Ronstring;synergize cross-platform e-commerce;CLINIQUE LABORATORIES INC.
Fix San;recontextualize mission-critical solutions;Indiana Botanic Gardens
Vagram;enable distributed interfaces;BrandStorm HBC
Duobam;optimize ubiquitous infrastructures;McKesson
Stronghold;whiteboard clicks-and-mortar infomediaries;West-ward Pharmaceutical Corp
Wrapsafe;unleash world-class networks;Hyland's
Viva;whiteboard integrated mindshare;Lycoris Co., Ltd.
Matsoft;reintermediate strategic paradigms;Personal Care Products
Konklux;enable out-of-the-box metrics;OCuSOFT INC.
Bitchip;innovate impactful communities;NeoStrata Company Inc.
Alphazap;utilize plug-and-play interfaces;Rite Aid Corporation
Bamity;brand sticky content;AAA Pharmaceutical, Inc.
Gembucket;embrace sticky architectures;Synthon Pharmaceuticals, Inc.
Opela;scale granular infrastructures;Spec Connection International Inc
Sonsing;leverage open-source interfaces;Mylan Institutional Inc.
Solarbreeze;productize bleeding-edge synergies;Sandoz Inc
Bamity;harness best-of-breed synergies;ALK-Abello, Inc.
Prodder;reintermediate e-business applications;Bryant Ranch Prepack
Tin;utilize sticky web-readiness;Teva Pharmaceuticals USA Inc
Treeflex;envisioneer value-added infrastructures;M J Winston International Ltd..
Lotlux;transition synergistic niches;CLINIQUE LABORATORIES INC.
Daltfresh;drive sexy e-business;Indiana Botanic Gardens
Tresom;utilize interactive action-items;BrandStorm HBC
Lotstring;generate out-of-the-box vortals;McKesson
Namfix;incubate web-enabled paradigms;West-ward Pharmaceutical Corp
Sonair;cultivate efficient metrics;Hyland's
Fix San;harness granular deliverables;Lycoris Co., Ltd.
Ronstring;leverage viral paradigms;Personal Care Products
Opela;mesh web-enabled initiatives;OCuSOFT INC.
Cardguard;innovate transparent convergence;NeoStrata Company Inc.
Stronghold;redefine proactive niches;Rite Aid Corporation
Keylex;enhance cutting-edge niches;AAA Pharmaceutical, Inc.
Span;exploit back-end e-markets;Synthon Pharmaceuticals, Inc.
Flexidy;transform turn-key functionalities;Spec Connection International Inc
Tin;grow sexy experiences;Mylan Institutional Inc.
Daltfresh;enable dynamic e-commerce;Sandoz Inc
Temp;embrace web-enabled interfaces;ALK-Abello, Inc.
Stringtough;synergize magnetic relationships;Bryant Ranch Prepack
Bitwolf;exploit front-end synergies;Teva Pharmaceuticals USA Inc
Flexidy;generate enterprise infrastructures;M J Winston International Ltd..
Tin;empower open-source initiatives;CLINIQUE LABORATORIES INC.
Job;syndicate web-enabled architectures;Indiana Botanic Gardens
Toughjoyfax;grow enterprise convergence;BrandStorm HBC
Wrapsafe;disintermediate 24/7 ROI;McKesson
Domainer;syndicate integrated networks;West-ward Pharmaceutical Corp
Home Ing;harness one-to-one networks;Hyland's
Asoka;repurpose enterprise markets;Lycoris Co., Ltd.
Tin;empower out-of-the-box ROI;Personal Care Products
Lotstring;transition leading-edge interfaces;OCuSOFT INC.
Latlux;reintermediate B2C functionalities;NeoStrata Company Inc.
Rank;visualize world-class functionalities;Rite Aid Corporation
Daltfresh;synthesize synergistic models;AAA Pharmaceutical, Inc.
Quo Lux;morph world-class methodologies;Synthon Pharmaceuticals, Inc.
Stim;benchmark clicks-and-mortar interfaces;Spec Connection International Inc
Vagram;innovate best-of-breed infomediaries;Mylan Institutional Inc.
Sub-Ex;seize proactive relationships;Sandoz Inc
Fintone;scale B2C partnerships;ALK-Abello, Inc.
Ventosanzap;morph interactive initiatives;Bryant Ranch Prepack
Span;exploit user-centric supply-chains;Teva Pharmaceuticals USA Inc
Fixflex;whiteboard open-source deliverables;M J Winston International Ltd..
Trippledex;integrate leading-edge interfaces;CLINIQUE LABORATORIES INC.
Trippledex;unleash viral web-readiness;Indiana Botanic Gardens
Andalax;drive turn-key e-services;BrandStorm HBC
Veribet;visualize enterprise mindshare;McKesson
Bigtax;optimize clicks-and-mortar infomediaries;West-ward Pharmaceutical Corp
Voltsillam;incubate scalable channels;Hyland's
Overhold;transform back-end mindshare;Lycoris Co., Ltd.
Duobam;exploit scalable e-services;Personal Care Products
Lotstring;seize back-end networks;OCuSOFT INC.
Zathin;syndicate open-source bandwidth;NeoStrata Company Inc.
Subin;incentivize front-end models;Rite Aid Corporation
Stronghold;brand innovative users;AAA Pharmaceutical, Inc.
Keylex;disintermediate virtual systems;Synthon Pharmaceuticals, Inc.
Y-find;visualize intuitive systems;Spec Connection International Inc
Kanlam;drive ubiquitous solutions;Mylan Institutional Inc.
Stronghold;unleash mission-critical e-business;Sandoz Inc
Tin;incubate compelling models;ALK-Abello, Inc.
Flexidy;facilitate web-enabled communities;Bryant Ranch Prepack
Tempsoft;seize viral mindshare;Teva Pharmaceuticals USA Inc
Stronghold;matrix bricks-and-clicks technologies;M J Winston International Ltd..
Gembucket;utilize efficient e-business;CLINIQUE LABORATORIES INC.
Fix San;aggregate customized web services;Indiana Botanic Gardens
Ronstring;orchestrate next-generation architectures;BrandStorm HBC
Tampflex;expedite user-centric infomediaries;McKesson
Alphazap;enable efficient vortals;West-ward Pharmaceutical Corp
Andalax;optimize scalable action-items;Hyland's
Bamity;mesh leading-edge eyeballs;Lycoris Co., Ltd.
Tin;optimize sexy web-readiness;Personal Care Products
Alpha;visualize best-of-breed content;OCuSOFT INC.
Subin;scale front-end platforms;NeoStrata Company Inc.
Cardguard;envisioneer strategic functionalities;Rite Aid Corporation
Pannier;redefine magnetic methodologies;AAA Pharmaceutical, Inc.
Sub-Ex;enhance magnetic portals;Synthon Pharmaceuticals, Inc.
Namfix;evolve real-time e-tailers;Spec Connection International Inc
Toughjoyfax;repurpose one-to-one users;Mylan Institutional Inc.
Aerified;enhance 24/7 communities;Sandoz Inc
Duobam;scale clicks-and-mortar technologies;ALK-Abello, Inc.
Lotstring;transition intuitive experiences;Bryant Ranch Prepack
Aerified;syndicate efficient relationships;Teva Pharmaceuticals USA Inc
Stringtough;maximize wireless platforms;M J Winston International Ltd..
Bitchip;seize dynamic ROI;CLINIQUE LABORATORIES INC.
Toughjoyfax;scale seamless experiences;Indiana Botanic Gardens
Tres-Zap;utilize efficient applications;BrandStorm HBC
Bigtax;evolve back-end e-tailers;McKesson
Fixflex;utilize cutting-edge partnerships;West-ward Pharmaceutical Corp
Fix San;transform revolutionary vortals;Hyland's
Prodder;envisioneer sticky e-business;Lycoris Co., Ltd.
Veribet;recontextualize best-of-breed e-business;Personal Care Products
Bamity;monetize frictionless e-markets;OCuSOFT INC.
Duobam;exploit integrated e-tailers;NeoStrata Company Inc.
Regrant;embrace cutting-edge portals;Rite Aid Corporation
Gembucket;strategize compelling experiences;AAA Pharmaceutical, Inc.
Bamity;utilize interactive experiences;Synthon Pharmaceuticals, Inc.
Quo Lux;morph strategic applications;Spec Connection International Inc
Fix San;facilitate leading-edge web services;Mylan Institutional Inc.
Wrapsafe;streamline innovative relationships;Sandoz Inc
Stringtough;morph frictionless functionalities;ALK-Abello, Inc.
Fix San;envisioneer web-enabled web services;Bryant Ranch Prepack
Gembucket;extend granular action-items;Teva Pharmaceuticals USA Inc
Zamit;facilitate virtual users;M J Winston International Ltd..
Greenlam;envisioneer innovative ROI;CLINIQUE LABORATORIES INC.
Bytecard;expedite frictionless methodologies;Indiana Botanic Gardens
Duobam;leverage integrated technologies;BrandStorm HBC
Regrant;scale proactive infomediaries;McKesson
Alphazap;monetize e-business synergies;West-ward Pharmaceutical Corp
Gembucket;visualize compelling action-items;Hyland's
Zaam-Dox;exploit dynamic markets;Lycoris Co., Ltd.
Zamit;scale cutting-edge partnerships;Personal Care Products
Duobam;visualize scalable convergence;OCuSOFT INC.
Wrapsafe;evolve innovative e-commerce;NeoStrata Company Inc.
Temp;mesh innovative action-items;Rite Aid Corporation
Cookley;productize distributed e-business;AAA Pharmaceutical, Inc.
Zoolab;seize B2C e-tailers;Synthon Pharmaceuticals, Inc.
Mat Lam Tam;reintermediate next-generation users;Spec Connection International Inc
Sub-Ex;syndicate killer eyeballs;Mylan Institutional Inc.
Tampflex;cultivate best-of-breed mindshare;Sandoz Inc
Sub-Ex;visualize frictionless supply-chains;ALK-Abello, Inc.
Greenlam;target viral ROI;Bryant Ranch Prepack
Biodex;incubate cross-platform niches;Teva Pharmaceuticals USA Inc
Sonsing;incubate robust functionalities;M J Winston International Ltd..
Ventosanzap;implement synergistic architectures;CLINIQUE LABORATORIES INC.
Lotstring;orchestrate cross-media action-items;Indiana Botanic Gardens
Vagram;synergize end-to-end architectures;BrandStorm HBC
Konklab;facilitate sticky niches;McKesson
Quo Lux;monetize global markets;West-ward Pharmaceutical Corp
Hatity;leverage customized mindshare;Hyland's
Konklux;iterate strategic ROI;Lycoris Co., Ltd.
Tempsoft;deliver visionary communities;Personal Care Products
Sonsing;monetize efficient synergies;OCuSOFT INC.
Cookley;optimize impactful paradigms;NeoStrata Company Inc.
Konklab;syndicate holistic mindshare;Rite Aid Corporation
Cardify;implement enterprise relationships;AAA Pharmaceutical, Inc.
Zaam-Dox;generate transparent architectures;Synthon Pharmaceuticals, Inc.
Sub-Ex;synthesize cutting-edge interfaces;Spec Connection International Inc
Namfix;aggregate transparent e-business;Mylan Institutional Inc.
Voyatouch;reintermediate collaborative users;Sandoz Inc
Cardify;disintermediate holistic paradigms;ALK-Abello, Inc.
Sub-Ex;scale cross-media e-commerce;Bryant Ranch Prepack
Tin;redefine clicks-and-mortar functionalities;Teva Pharmaceuticals USA Inc
Bitchip;strategize 24/7 convergence;M J Winston International Ltd..
Solarbreeze;reinvent real-time niches;CLINIQUE LABORATORIES INC.
Ventosanzap;transition plug-and-play infomediaries;Indiana Botanic Gardens
Home Ing;e-enable global experiences;BrandStorm HBC
Temp;enhance sexy interfaces;McKesson
Aerified;generate collaborative functionalities;West-ward Pharmaceutical Corp
Stim;expedite synergistic action-items;Hyland's
Hatity;synergize back-end models;Lycoris Co., Ltd.
Bitchip;whiteboard mission-critical methodologies;Personal Care Products
Konklux;e-enable robust eyeballs;OCuSOFT INC.
Kanlam;engineer user-centric systems;NeoStrata Company Inc.
Bamity;reinvent leading-edge e-commerce;Rite Aid Corporation
Alphazap;engineer next-generation portals;AAA Pharmaceutical, Inc.
Ventosanzap;brand frictionless initiatives;Synthon Pharmaceuticals, Inc.
Zamit;grow customized communities;Spec Connection International Inc
Matsoft;disintermediate scalable vortals;Mylan Institutional Inc.
Y-Solowarm;enable 24/7 relationships;Sandoz Inc
Fintone;leverage user-centric users;ALK-Abello, Inc.
Aerified;scale web-enabled communities;Bryant Ranch Prepack
Pannier;utilize clicks-and-mortar niches;Teva Pharmaceuticals USA Inc
Alphazap;optimize visionary e-commerce;M J Winston International Ltd..
Mat Lam Tam;streamline wireless action-items;CLINIQUE LABORATORIES INC.
Namfix;incentivize mission-critical deliverables;Indiana Botanic Gardens
Stim;deploy web-enabled synergies;BrandStorm HBC
Trippledex;benchmark cross-platform functionalities;McKesson
Greenlam;matrix customized content;West-ward Pharmaceutical Corp
Subin;streamline turn-key relationships;Hyland's
Overhold;empower leading-edge action-items;Lycoris Co., Ltd.
Keylex;brand interactive schemas;Personal Care Products
Zamit;seize viral ROI;OCuSOFT INC.
Duobam;harness cross-platform technologies;NeoStrata Company Inc.
Gembucket;whiteboard B2C technologies;Rite Aid Corporation
Bytecard;reinvent distributed metrics;AAA Pharmaceutical, Inc.
Konklux;leverage dynamic experiences;Synthon Pharmaceuticals, Inc.
Quo Lux;unleash scalable experiences;Spec Connection International Inc
Redhold;expedite value-added platforms;Mylan Institutional Inc.
Namfix;synthesize visionary users;Sandoz Inc
Duobam;integrate open-source mindshare;ALK-Abello, Inc.
Cookley;transform bricks-and-clicks architectures;Bryant Ranch Prepack
Keylex;harness global paradigms;Teva Pharmaceuticals USA Inc
Pannier;engineer magnetic content;M J Winston International Ltd..
Cardify;enhance e-business methodologies;CLINIQUE LABORATORIES INC.
Y-find;incubate transparent solutions;Indiana Botanic Gardens
Sub-Ex;mesh frictionless experiences;BrandStorm HBC
Voyatouch;generate vertical bandwidth;McKesson
Viva;leverage bricks-and-clicks schemas;West-ward Pharmaceutical Corp
Bitwolf;unleash sticky infrastructures;Hyland's
Rank;target distributed niches;Lycoris Co., Ltd.
Hatity;e-enable dynamic technologies;Personal Care Products
Quo Lux;deliver compelling communities;OCuSOFT INC.
Alphazap;exploit mission-critical deliverables;NeoStrata Company Inc.
Sonair;grow intuitive users;Rite Aid Corporation
Cardguard;target best-of-breed mindshare;AAA Pharmaceutical, Inc.
Wrapsafe;aggregate interactive methodologies;Synthon Pharmaceuticals, Inc.
Fix San;benchmark visionary relationships;Spec Connection International Inc
Flowdesk;generate integrated eyeballs;Mylan Institutional Inc.
Duobam;optimize cutting-edge markets;Sandoz Inc
Lotlux;empower scalable eyeballs;ALK-Abello, Inc.
Gembucket;strategize global schemas;Bryant Ranch Prepack
Matsoft;whiteboard intuitive action-items;Teva Pharmaceuticals USA Inc
Tresom;visualize clicks-and-mortar content;M J Winston International Ltd..
Matsoft;optimize revolutionary solutions;CLINIQUE LABORATORIES INC.
Quo Lux;deploy synergistic experiences;Indiana Botanic Gardens
Tresom;disintermediate cross-platform mindshare;BrandStorm HBC
Ronstring;strategize mission-critical initiatives;McKesson
Tres-Zap;exploit distributed e-business;West-ward Pharmaceutical Corp
Holdlamis;incubate viral applications;Hyland's
Lotstring;expedite strategic niches;Lycoris Co., Ltd.
Bigtax;benchmark sexy platforms;Personal Care Products
Tin;whiteboard user-centric markets;OCuSOFT INC.
Konklab;exploit out-of-the-box systems;NeoStrata Company Inc.
Zathin;orchestrate cross-platform initiatives;Rite Aid Corporation
Viva;brand out-of-the-box e-services;AAA Pharmaceutical, Inc.
Opela;grow ubiquitous supply-chains;Synthon Pharmaceuticals, Inc.
Namfix;e-enable frictionless web-readiness;Spec Connection International Inc
Tempsoft;strategize best-of-breed eyeballs;Mylan Institutional Inc.
Cardguard;engage transparent methodologies;Sandoz Inc
Ronstring;empower sexy vortals;ALK-Abello, Inc.
Temp;expedite intuitive eyeballs;Bryant Ranch Prepack
Solarbreeze;utilize real-time platforms;Teva Pharmaceuticals USA Inc
Job;optimize compelling paradigms;M J Winston International Ltd..
Bamity;maximize open-source infrastructures;CLINIQUE LABORATORIES INC.
Ventosanzap;revolutionize integrated platforms;Indiana Botanic Gardens
Veribet;aggregate integrated systems;BrandStorm HBC
Subin;architect customized e-services;McKesson
Stim;generate bricks-and-clicks mindshare;West-ward Pharmaceutical Corp
Fintone;e-enable cross-platform supply-chains;Hyland's
Span;maximize bleeding-edge e-business;Lycoris Co., Ltd.
Sub-Ex;engage real-time platforms;Personal Care Products
Sonair;engage customized convergence;OCuSOFT INC.
Trippledex;grow vertical methodologies;NeoStrata Company Inc.
Andalax;embrace web-enabled synergies;Rite Aid Corporation
Transcof;envisioneer bricks-and-clicks niches;AAA Pharmaceutical, Inc.
Toughjoyfax;envisioneer front-end solutions;Synthon Pharmaceuticals, Inc.
Lotstring;streamline impactful initiatives;Spec Connection International Inc
Cardify;innovate web-enabled users;Mylan Institutional Inc.
Transcof;grow end-to-end niches;Sandoz Inc
Viva;reintermediate granular paradigms;ALK-Abello, Inc.
Ronstring;enable virtual solutions;Bryant Ranch Prepack
Tin;enable intuitive convergence;Teva Pharmaceuticals USA Inc
Keylex;empower cross-platform solutions;M J Winston International Ltd..
Vagram;visualize customized web-readiness;CLINIQUE LABORATORIES INC.
Andalax;integrate virtual eyeballs;Indiana Botanic Gardens
Ronstring;envisioneer B2C metrics;BrandStorm HBC
Hatity;empower scalable infomediaries;McKesson
Domainer;morph 24/7 systems;West-ward Pharmaceutical Corp
Toughjoyfax;empower bricks-and-clicks convergence;Hyland's
Lotstring;envisioneer ubiquitous interfaces;Lycoris Co., Ltd.
Asoka;whiteboard synergistic channels;Personal Care Products
Zontrax;engage end-to-end deliverables;OCuSOFT INC.
Viva;scale integrated e-services;NeoStrata Company Inc.
Sonair;scale proactive infrastructures;Rite Aid Corporation
Tin;engage turn-key models;AAA Pharmaceutical, Inc.
Fintone;drive transparent models;Synthon Pharmaceuticals, Inc.
Lotstring;cultivate clicks-and-mortar infrastructures;Spec Connection International Inc
It;grow cross-platform methodologies;Mylan Institutional Inc.
Viva;whiteboard bricks-and-clicks interfaces;Sandoz Inc
Greenlam;matrix front-end channels;ALK-Abello, Inc.
Subin;embrace cross-media platforms;Bryant Ranch Prepack
Y-find;target cutting-edge infomediaries;Teva Pharmaceuticals USA Inc
Tempsoft;revolutionize 24/365 e-commerce;M J Winston International Ltd..
Lotstring;unleash innovative vortals;CLINIQUE LABORATORIES INC.
Cardguard;extend cross-media infomediaries;Indiana Botanic Gardens
Duobam;reintermediate holistic paradigms;Indiana Botanic Gardens
Fixflex;utilize efficient e-commerce;Indiana Botanic Gardens
Aerified;deploy value-added paradigms;Indiana Botanic Gardens
Job;leverage impactful ROI;Indiana Botanic Gardens
Tresom;leverage granular e-markets;Indiana Botanic Gardens
Y-Solowarm;reintermediate wireless content;Indiana Botanic Gardens
Ronstring;benchmark rich eyeballs;Indiana Botanic Gardens
Duobam;empower visionary channels;Indiana Botanic Gardens
Home Ing;iterate extensible platforms;Indiana Botanic Gardens
